nconst,tconst
nm0551234,tt0068284
nm0569144,tt0068284
nm0629370,tt0068284
nm0711560,tt0068284
nm0721073,tt0068361
nm0786891,tt0068361
nm0291289,tt0068361
nm0644680,tt0068361
nm0005078,tt0068575
nm0000313,tt0068575
nm0879073,tt0068575
nm0163748,tt0068575
nm0000197,tt0068805
nm0001136,tt0068805
nm0000995,tt0068805
nm0732783,tt0068805
nm0000698,tt0072431
nm0001404,tt0072431
nm0001204,tt0072431
nm0001967,tt0072431
nm0226947,tt0078087
nm0579991,tt0078087
nm0002994,tt0078087
nm0943978,tt0078087
nm0000329,tt0080436
nm0213374,tt0080436
nm0001207,tt0080436
nm0538683,tt0080436
nm0001702,tt0084732
nm0000658,tt0084732
nm0001788,tt0084732
nm0341055,tt0084732
nm0000640,tt0092632
nm0001726,tt0092632
nm0189172,tt0092632
nm0005162,tt0092632
nm0001221,tt0093036
nm0005481,tt0093036
nm0001785,tt0093036
nm0011052,tt0093036
nm0000115,tt0093822
nm0000456,tt0093822
nm0934254,tt0093822
nm0000422,tt0093822
nm0490980,tt0096378
nm0000156,tt0096378
nm0081560,tt0096378
nm0503627,tt0096378
nm0000241,tt0100029
nm0656188,tt0100029
nm0719612,tt0100029
nm0670852,tt0100029
nm0000651,tt0100046
nm0000155,tt0100046
nm0776239,tt0100046
nm0000609,tt0100046
nm0000241,tt0105698
nm0000185,tt0105698
nm0001824,tt0105698
nm0642522,tt0105698
nm0001427,tt0116059
nm0582418,tt0116059
nm0001623,tt0116059
nm0176792,tt0116059
nm0531924,tt0116671
nm0021597,tt0116671
nm0578833,tt0116671
nm0662238,tt0116671
nm0000906,tt0120710
nm0000375,tt0120710
nm0756218,tt0120710
nm0001644,tt0120710
nm0377755,tt0185102
nm0318821,tt0185102
nm0446287,tt0185102
nm0402271,tt0185102
nm0085244,tt0185102
nm0222597,tt0185102
nm0355563,tt0185102
nm0642109,tt0185102
nm0123244,tt0185102
nm0000510,tt0245407
nm0001767,tt0245407
nm0151250,tt0245407
nm0234910,tt0245407
nm0005261,tt0263757
nm0266824,tt0263757
nm0000181,tt0263757
nm0817980,tt0263757
nm0005045,tt0269483
nm0454809,tt0269483
nm0205127,tt0269483
nm0403652,tt0269483
nm1059103,tt0330843
nm0611552,tt0330843
nm0451321,tt0330843
nm0007102,tt0330843
nm0103785,tt0333766
nm0765597,tt0333766
nm0000204,tt0333766
nm0000453,tt0333766
nm0502671,tt0363276
nm0480465,tt0363276
nm0005169,tt0363276
nm0000448,tt0363276
nm0114687,tt0397150
nm1547964,tt0397150
nm1546196,tt0397150
nm1478358,tt0397150
nm1546686,tt0397150
nm0633618,tt0397150
nm1027986,tt0397150
nm1187883,tt0397150
nm0437998,tt0397150
nm0512627,tt0397150
nm0085312,tt0457510
nm0478886,tt0457510
nm0422948,tt0457510
nm1377265,tt0457510
nm0451321,tt0461936
nm1231899,tt0461936
nm0992000,tt0461936
nm0465929,tt0461936
nm0293509,tt0484111
nm0000569,tt0484111
nm0004851,tt0484111
nm0020717,tt0484111
nm0000648,tt0829176
nm0397721,tt0829176
nm0809720,tt0829176
nm1801063,tt0829176
nm0192889,tt0880648
nm0514228,tt0880648
nm2110814,tt0880648
nm0235004,tt0880648
nm0000169,tt0910905
nm0000422,tt0910905
nm0765597,tt0910905
nm0005460,tt0910905
nm2057557,tt0926063
nm2337393,tt0926063
nm2576384,tt0926063
nm2401385,tt0926063
nm4091002,tt10174244
nm3761132,tt10174244
nm4405794,tt10174244
nm1335698,tt10174244
nm1982843,tt10174244
nm3721371,tt10174244
nm2161867,tt10174244
nm2936061,tt10174244
nm7882131,tt10174244
nm4540889,tt10174244
nm0299924,tt1032856
nm0253813,tt1032856
nm2759746,tt1032856
nm0622384,tt1032856
nm3664430,tt10344410
nm7326511,tt10344410
nm4576311,tt10344410
nm4088627,tt10344410
nm2200658,tt10344410
nm6400428,tt10344410
nm0006663,tt10344410
nm0931822,tt10344410
nm1563349,tt10344410
nm2898034,tt10556338
nm4141252,tt10556338
nm2387806,tt10556338
nm0922035,tt10556338
nm0607865,tt10556338
nm0920185,tt10556338
nm3467387,tt10556338
nm3691746,tt10556338
nm0612442,tt10556338
nm0778831,tt10556338
nm1105980,tt11080108
nm6563873,tt11080108
nm8920089,tt11080108
nm7480942,tt11080108
nm5654463,tt11143108
nm3277309,tt11143108
nm4224187,tt11143108
nm4043111,tt11143108
nm0386472,tt1158939
nm0000131,tt1158939
nm1918862,tt1158939
nm9450235,tt1158939
nm0451321,tt1182937
nm3087728,tt1182937
nm0665555,tt1182937
nm0706954,tt1182937
nm0045393,tt1185420
nm1303433,tt1185420
nm1231899,tt1185420
nm0451601,tt1185420
nm1310368,tt1265990
nm1015262,tt1265990
nm1544217,tt1265990
nm1425528,tt1265990
nm0524240,tt1272886
nm0001780,tt1272886
nm0001001,tt1272886
nm1017334,tt1272886
nm0000193,tt1285309
nm0000141,tt1285309
nm1720028,tt1285309
nm2618951,tt1285309
nm0002004,tt12882620
nm4576371,tt12882620
nm0924502,tt12882620
nm5394949,tt12882620
nm2003700,tt1407084
nm0731075,tt1407084
nm0191412,tt1407084
nm3464684,tt1407084
nm0001132,tt1412386
nm0631490,tt1412386
nm0001749,tt1412386
nm0929489,tt1412386
nm0000412,tt1483324
nm0267812,tt1483324
nm3920288,tt1483324
nm4901642,tt1483324
nm1415323,tt1592873
nm3150488,tt1592873
nm2230865,tt1592873
nm0000193,tt1592873
nm4608165,tt1656177
nm0001326,tt1656177
nm0565569,tt1656177
nm0300712,tt1656177
nm0000630,tt1709143
nm0000480,tt1709143
nm0304801,tt1709143
nm0931404,tt1709143
nm1504627,tt1764625
nm1043338,tt1764625
nm1239566,tt1764625
nm0179069,tt1764625
nm1172478,tt1833116
nm0683253,tt1833116
nm0996669,tt1833116
nm3079991,tt1833116
nm0300589,tt1837562
nm2525790,tt1837562
nm0001833,tt1837562
nm0000391,tt1837562
nm3111874,tt1846442
nm0576586,tt1846442
nm0005442,tt1846442
nm0245473,tt1846442
nm3300074,tt1883180
nm4844938,tt1883180
nm6918863,tt1883180
nm2620303,tt1883180
nm0148418,tt1929308
nm1017334,tt1929308
nm0115161,tt1929308
nm1503432,tt1929308
nm1102577,tt1974419
nm0376716,tt1974419
nm0000206,tt1974419
nm3194762,tt1974419
nm3095562,tt1979918
nm3231931,tt1979918
nm3744128,tt1979918
nm1259002,tt1979918
nm0633762,tt1979918
nm0503059,tt1979918
nm0103699,tt1979918
nm4178180,tt1979918
nm0004710,tt1979918
nm3711953,tt1979918
nm0241121,tt2106550
nm0208426,tt2106550
nm0000619,tt2106550
nm0220183,tt2106550
nm0465503,tt2165735
nm0838944,tt2165735
nm0399062,tt2165735
nm2091041,tt2165735
nm0000380,tt2308260
nm3528539,tt2308260
nm0148382,tt2308260
nm0869088,tt2308260
nm4669841,tt2323964
nm5599013,tt2323964
nm0438632,tt2323964
nm4726664,tt2323964
nm0356017,tt2338424
nm0837177,tt2338424
nm0001100,tt2338424
nm0542133,tt2338424
nm4087144,tt2391224
nm4092740,tt2391224
nm2047170,tt2391224
nm1643154,tt2391224
nm3250161,tt2391224
nm2439913,tt2391224
nm0144187,tt2391224
nm3848020,tt2417650
nm2652418,tt2417650
nm0473141,tt2417650
nm6393989,tt2417650
nm7424185,tt2577192
nm0532193,tt2577192
nm2017943,tt2577192
nm3503282,tt2577192
nm3867299,tt2577192
nm6412251,tt2577192
nm8882585,tt2577192
nm0001808,tt2577192
nm2632843,tt2577192
nm4806449,tt2577192
nm0000342,tt2751074
nm3799669,tt2751074
nm0001794,tt2751074
nm0598166,tt2751074
nm1965417,tt2751074
nm2864505,tt2751074
nm0870204,tt2751074
nm5625871,tt2844798
nm0958192,tt2844798
nm2520336,tt2844798
nm0862286,tt2844798
nm0814280,tt3404140
nm5768575,tt3404140
nm3483072,tt3404140
nm4535641,tt3404140
nm2992448,tt3435532
nm0855039,tt3435532
nm0348152,tt3435532
nm3292425,tt3435532
nm0710271,tt3435532
nm0357979,tt3435532
nm0954225,tt3435532
nm3551000,tt3435532
nm0005322,tt3435532
nm0079273,tt3780500
nm3510471,tt3780500
nm0334318,tt3780500
nm0836432,tt3780500
nm0973177,tt4048668
nm1519639,tt4048668
nm1131557,tt4048668
nm2868110,tt4048668
nm5052065,tt5179598
nm0000228,tt5179598
nm5473782,tt5179598
nm0731075,tt5179598
nm1267552,tt5186714
nm1486911,tt5186714
nm0439307,tt5186714
nm3618794,tt5186714
nm0158626,tt5368542
nm1270781,tt5368542
nm0199842,tt5368542
nm5339326,tt5368542
nm2453033,tt5368542
nm3526370,tt5368542
nm4050835,tt5368542
nm6552202,tt5368542
nm0001688,tt5368542
nm2138653,tt5542802
nm5305841,tt5542802
nm3822770,tt5542802
nm3818286,tt5542802
nm2235721,tt5700176
nm0751257,tt5700176
nm10615860,tt5700176
nm0000293,tt5700176
nm0001057,tt6045466
nm0000172,tt6045466
nm0658041,tt6045466
nm0806968,tt6045466
nm0000668,tt6107548
nm1411676,tt6107548
nm0001475,tt6107548
nm0199215,tt6107548
nm3126686,tt6390668
nm6706672,tt6390668
nm1411240,tt6390668
nm0284649,tt6390668
nm4728959,tt6463320
nm2703014,tt6463320
nm10963413,tt6463320
nm7863249,tt6463320
nm2251846,tt6543652
nm1682799,tt6543652
nm0844371,tt6543652
nm0474492,tt6543652
nm0006795,tt7059844
nm1679372,tt7059844
nm3848064,tt7059844
nm10994971,tt7059844
nm0000334,tt7183578
nm0477209,tt7183578
nm1846368,tt7183578
nm2412978,tt7183578
nm0006795,tt7721800
nm1229940,tt7721800
nm1571487,tt7721800
nm0007102,tt7721800
nm3630374,tt8239946
nm8375514,tt8239946
nm4663387,tt8239946
nm3481909,tt8239946
nm1782299,tt8368406
nm2488429,tt8368406
nm9450235,tt8368406
nm0251986,tt8368406
nm1063029,tt8543952
nm0837523,tt8543952
nm1337113,tt8543952
nm7414534,tt8543952
nm0001298,tt8804580
nm1579662,tt8804580
nm1408752,tt8804580
nm0489436,tt8804580
nm3822770,tt8983164
nm2410391,tt8983164
nm4269474,tt8983164
nm0795661,tt8983164
nm7802963,tt9176086
nm12502754,tt9176086
nm10331383,tt9176086
nm1430280,tt9176086
nm11588532,tt9805612
nm0438503,tt9805612
nm5430114,tt9805612
nm9734250,tt9805612
nm2257218,tt9805612
nm9024143,tt9805612
nm0331730,tt9805612
nm0784025,tt9805612
nm2018573,tt9824114
nm0000430,tt9824114
nm0714739,tt9824114
nm0212563,tt9824114
nm0130736,tt9824114
nm0085997,tt9824114
nm7638548,tt9824114
nm1935086,tt9827834
nm3060479,tt9827834
nm0519456,tt9827834
nm3813115,tt9827834
nm2569233,tt9906260
nm2095800,tt9906260
nm4043252,tt9906260
nm2893431,tt9906260
nm0000621,tt0073760
nm0283499,tt0073760
nm0000781,tt0073760
nm0003110,tt0073760
nm0427894,tt0075200
nm0687189,tt0075200
nm0176792,tt0075200
nm0943978,tt0075200
nm0427894,tt0076137
nm0461455,tt0076137
nm0813940,tt0076137
nm0547462,tt0076137
nm0627878,tt0076618
nm0001247,tt0076618
nm0656183,tt0076618
nm0283499,tt0076618
nm0000012,tt0078158
nm0000489,tt0078158
nm0001668,tt0078158
nm0252055,tt0078158
nm0001345,tt0079588
nm0000568,tt0079588
nm0625456,tt0079588
nm0402611,tt0079588
nm0001747,tt0080861
nm0122881,tt0080861
nm0001458,tt0080861
nm0006893,tt0080861
nm0001345,tt0082474
nm0000568,tt0082474
nm0324397,tt0082474
nm0625456,tt0082474
nm0308744,tt0083481
nm0175788,tt0083481
nm0432217,tt0083481
nm0263057,tt0083481
nm0004931,tt0083481
nm0000541,tt0094739
nm0005499,tt0094739
nm0911542,tt0094739
nm0001346,tt0094739
nm0001364,tt0096438
nm0000502,tt0096438
nm0001026,tt0096438
nm0281486,tt0096438
nm0072533,tt0097757
nm0942787,tt0097757
nm0041281,tt0097757
nm0055549,tt0097757
nm0384162,tt0101076
nm0191906,tt0101076
nm0569598,tt0101076
nm0004815,tt0101076
nm0500246,tt0101076
nm0866214,tt0101076
nm0144657,tt0101076
nm0919798,tt0101076
nm0542706,tt0101076
nm0409361,tt0101076
nm0000346,tt0104431
nm0000582,tt0104431
nm0827663,tt0104431
nm0001573,tt0104431
nm0001548,tt0104437
nm0833519,tt0104437
nm0647084,tt0104437
nm0787741,tt0104437
nm0000155,tt0105417
nm0001749,tt0105417
nm0001562,tt0105417
nm0538655,tt0105417
nm0725864,tt0105958
nm0005399,tt0105958
nm0835045,tt0105958
nm0200122,tt0105958
nm0709808,tt0105958
nm0295115,tt0105958
nm0750916,tt0105958
nm0004918,tt0105958
nm0001006,tt0106611
nm0502442,tt0106611
nm0234791,tt0106611
nm0507644,tt0106611
nm0000541,tt0107120
nm0000572,tt0107120
nm0001562,tt0107120
nm0441814,tt0107120
nm0000150,tt0107131
nm0000398,tt0107131
nm0017519,tt0107131
nm0076204,tt0107131
nm0000389,tt0109520
nm0002062,tt0109520
nm0875951,tt0109520
nm0747962,tt0109520
nm0072533,tt0111419
nm0408189,tt0111419
nm0174581,tt0111419
nm0176904,tt0111419
nm0000430,tt0112499
nm0001882,tt0112499
nm0761587,tt0112499
nm0856012,tt0112499
nm0267724,tt0113198
nm0005189,tt0113198
nm0191906,tt0113198
nm0005192,tt0113198
nm0000377,tt0113862
nm0000444,tt0113862
nm0858988,tt0113862
nm0001156,tt0113862
nm0000418,tt0114048
nm0000501,tt0114048
nm0001459,tt0114048
nm0234791,tt0114048
nm0000158,tt0114709
nm0000741,tt0114709
nm0725543,tt0114709
nm0001815,tt0114709
nm0000113,tt0114924
nm0000597,tt0114924
nm0001251,tt0114924
nm0001967,tt0114924
nm0000245,tt0116669
nm0000178,tt0116669
nm0450116,tt0116669
nm0000182,tt0116669
nm0000212,tt0118617
nm0000131,tt0118617
nm0000502,tt0118617
nm0001288,tt0118617
nm0000558,tt0119718
nm0001488,tt0119718
nm0444832,tt0119718
nm0157915,tt0119718
nm0000158,tt0120363
nm0000741,tt0120363
nm0000349,tt0120363
nm0001288,tt0120363
nm0000106,tt0120631
nm0001378,tt0120631
nm0779084,tt0120631
nm0324009,tt0120631
nm0838588,tt0128890
nm0001849,tt0128890
nm0177528,tt0128890
nm0934589,tt0128890
nm0507051,tt0128890
nm0071818,tt0128890
nm0781899,tt0128890
nm0815718,tt0128890
nm0001883,tt0128890
nm0000665,tt0130623
nm0000523,tt0130623
nm0942787,tt0130623
nm0005569,tt0130623
nm0005132,tt0147800
nm0005466,tt0147800
nm0330687,tt0147800
nm0646351,tt0147800
nm0000335,tt0211181
nm0000367,tt0211181
nm0344435,tt0211181
nm0262521,tt0211181
nm0000150,tt0230011
nm0001815,tt0230011
nm0123553,tt0230011
nm0160004,tt0230011
nm0000267,tt0247638
nm0004266,tt0247638
nm0001185,tt0247638
nm0000525,tt0247638
nm0937930,tt0249677
nm0000192,tt0249677
nm0001590,tt0249677
nm0071818,tt0249677
nm0492620,tt0265632
nm0172636,tt0265632
nm0204771,tt0265632
nm0424534,tt0265632
nm0832653,tt0271271
nm0799895,tt0271271
nm0540767,tt0271271
nm0103731,tt0271271
nm0513281,tt0273799
nm0588777,tt0273799
nm0005085,tt0273799
nm0340720,tt0273799
nm0042316,tt0273842
nm0639871,tt0273842
nm0809720,tt0273842
nm0401799,tt0273842
nm0088127,tt0283084
nm0005044,tt0283084
nm0000651,tt0283084
nm0000458,tt0283084
nm0240381,tt0294425
nm0005579,tt0294425
nm0170550,tt0294425
nm0039162,tt0294425
nm0117070,tt0296251
nm0479471,tt0296251
nm0001858,tt0296251
nm0570306,tt0296251
nm0000741,tt0304669
nm0107748,tt0304669
nm0593310,tt0304669
nm0005156,tt0304669
nm0000191,tt0361089
nm0315041,tt0361089
nm0000347,tt0361089
nm0000980,tt0361089
nm0842770,tt0363771
nm1670137,tt0363771
nm0608440,tt0363771
nm1342727,tt0363771
nm0000115,tt0368891
nm1208167,tt0368891
nm0058581,tt0368891
nm0000293,tt0368891
nm0527741,tt0377770
nm0261170,tt0377770
nm0004951,tt0382932
nm0738918,tt0382932
nm0652663,tt0382932
nm0000453,tt0382932
nm0911320,tt0401398
nm0001808,tt0401398
nm0457755,tt0401398
nm0005450,tt0401398
nm1263939,tt0410696
nm0814259,tt0410696
nm1653610,tt0410696
nm1655778,tt0410696
nm0004715,tt0436339
nm0004851,tt0436339
nm0302108,tt0436339
nm0631490,tt0436339
nm0000188,tt0452598
nm0001372,tt0452598
nm0240381,tt0452598
nm0506405,tt0452598
nm0761498,tt0457993
nm0266824,tt0457993
nm0000119,tt0457993
nm0001773,tt0457993
nm0845941,tt0458290
nm0437454,tt0458290
nm0048389,tt0458290
nm1782667,tt0458290
nm0852517,tt0458290
nm0237065,tt0458290
nm0003214,tt0458290
nm0123553,tt0458290
nm0141333,tt0458290
nm0153738,tt0486761
nm0761498,tt0486761
nm0001773,tt0486761
nm0567852,tt0486761
nm0310929,tt0852863
nm1605108,tt0852863
nm1032473,tt0852863
nm0693933,tt0852863
nm0864308,tt0852863
nm0005352,tt0852863
nm0048389,tt0852863
nm1351987,tt0852863
nm0997689,tt0852863
nm0425005,tt0870154
nm1289434,tt0870154
nm1183149,tt0870154
nm3099754,tt0870154
nm0005134,tt0952640
nm0046559,tt0952640
nm0439739,tt0952640
nm0189144,tt0952640
nm1374980,tt0962726
nm1227814,tt0962726
nm0864308,tt0962726
nm1727317,tt0962726
nm0712368,tt0997047
nm0001454,tt0997047
nm0005552,tt0997047
nm0480775,tt0997047
nm1169619,tt1013542
nm0117009,tt1013542
nm1170124,tt1013542
nm0786022,tt1013542
nm0005562,tt1053810
nm0085312,tt1053810
nm0000188,tt1053810
nm0000092,tt1053810
nm0001774,tt1078912
nm0005562,tt1078912
nm0010736,tt1078912
nm0000279,tt1078912
nm0652089,tt1090750
nm1273708,tt1090750
nm1489118,tt1090750
nm1947831,tt1090750
nm0353893,tt1159961
nm0820053,tt11681250
nm3255459,tt11681250
nm0544448,tt11681250
nm0121620,tt11681250
nm0010736,tt1204342
nm0781981,tt1204342
nm0177933,tt1204342
nm0429069,tt1204342
nm0461498,tt12607910
nm1659482,tt12607910
nm0419650,tt12607910
nm6223040,tt12607910
nm1415323,tt1294226
nm2955013,tt1294226
nm0001427,tt1294226
nm1544100,tt1294226
nm0413168,tt1334106
nm0000630,tt1334106
nm1443238,tt1334106
nm0282649,tt1334106
nm0004715,tt14602326
nm0378245,tt14602326
nm2023050,tt14602326
nm1304328,tt14602326
nm0413168,tt1485796
nm0931329,tt1485796
nm1374980,tt1485796
nm3918035,tt1485796
nm9624979,tt1571313
nm2080328,tt1571313
nm2480883,tt1571313
nm3732491,tt1571313
nm2452327,tt1571313
nm1102053,tt1571313
nm0382791,tt1571313
nm4686610,tt1571313
nm1631435,tt1604171
nm2973459,tt1604171
nm0633228,tt1604171
nm2836740,tt1604171
nm0000136,tt1790809
nm0001691,tt1790809
nm0000849,tt1790809
nm0089217,tt1790809
nm0211087,tt1843230
nm0329481,tt1843230
nm0607185,tt1843230
nm0663469,tt1843230
nm0001015,tt1843230
nm2765519,tt1843230
nm2796047,tt1843230
nm1524440,tt1843230
nm3111874,tt1846442
nm0576586,tt1846442
nm0005442,tt1846442
nm0245473,tt1846442
nm4433743,tt1865769
nm2913275,tt1865769
nm2572554,tt1865769
nm2624602,tt1865769
nm3557613,tt1865769
nm2857655,tt1865769
nm0150255,tt1865769
nm0000668,tt2140373
nm0000158,tt2140373
nm4003520,tt2140373
nm0268199,tt2140373
nm0123553,tt2252938
nm1442113,tt2252938
nm0934589,tt2252938
nm1584992,tt2252938
nm0444786,tt2252938
nm0851317,tt2252938
nm0726184,tt2252938
nm3644706,tt2252938
nm3086712,tt2252938
nm0176981,tt2980706
nm0000438,tt2980706
nm0100866,tt2980706
nm0035664,tt2980706
nm9500254,tt3089630
nm7107447,tt3089630
nm1265802,tt3089630
nm8165603,tt3089630
nm1297015,tt3228774
nm0000668,tt3228774
nm2181128,tt3228774
nm3236159,tt3228774
nm1865478,tt4661600
nm8063275,tt4661600
nm0710527,tt4661600
nm4180545,tt4661600
nm0001401,tt4777008
nm1102577,tt4777008
nm6170168,tt4777008
nm0000201,tt4777008
nm0378245,tt4846340
nm0818055,tt4846340
nm1847117,tt4846340
nm0000126,tt4846340
nm0186505,tt5104604
nm8659025,tt5104604
nm0001570,tt5104604
nm0000837,tt5104604
nm4515518,tt5613056
nm4043618,tt7146812
nm0695435,tt7146812
nm0000506,tt7146812
nm0818055,tt7146812
nm0569479,tt8336340
nm1268478,tt8336340
nm0493013,tt8336340
nm3091777,tt8336340
nm0569883,tt8336340
nm3741194,tt8336340
nm3609729,tt8336340
nm0662088,tt8980868
nm4038224,tt8980868
nm2395176,tt8980868
nm3684545,tt8980868
nm0000821,tt0098999
nm0149822,tt0098999
nm0534863,tt0098999
nm0624174,tt0098999
nm0717212,tt0102065
nm0552086,tt0102065
nm0001454,tt0102065
nm0101193,tt0102065
nm0000633,tt0102744
nm0000624,tt0102744
nm0000614,tt0102744
nm0371824,tt0102744
nm0004569,tt0107311
nm0002043,tt0107311
nm0006763,tt0107311
nm0347901,tt0107311
nm0000232,tt0108162
nm0000287,tt0108162
nm0000297,tt0108162
nm0908116,tt0108162
nm0000197,tt0116996
nm0000112,tt0116996
nm0000572,tt0116996
nm0000906,tt0116996
nm0000193,tt0117765
nm0000608,tt0117765
nm0000800,tt0117765
nm0000609,tt0117765
nm0000148,tt0118571
nm0000198,tt0118571
nm0000335,tt0118571
nm0187724,tt0118571
nm0000274,tt0134084
nm0000117,tt0134084
nm0001073,tt0134084
nm0000630,tt0134084
nm0451321,tt0172684
nm0004418,tt0172684
nm0611552,tt0172684
nm0755705,tt0172684
nm0000401,tt0181739
nm0001674,tt0181739
nm0001383,tt0181739
nm0005275,tt0181739
nm0000237,tt0185183
nm0001845,tt0185183
nm0001608,tt0185183
nm0167649,tt0185183
nm0000334,tt0190332
nm0000706,tt0190332
nm0955471,tt0190332
nm0151654,tt0190332
nm0000235,tt0266697
nm0001016,tt0266697
nm0000435,tt0266697
nm0000514,tt0266697
nm0000196,tt0295178
nm0461498,tt0295178
nm0001293,tt0295178
nm0001868,tt0295178
nm0000704,tt0347436
nm0001557,tt0347436
nm0005212,tt0347436
nm0089217,tt0347436
nm0000702,tt0369436
nm0000681,tt0369436
nm0005460,tt0369436
nm0000380,tt0369436
nm0159507,tt0373074
nm0950757,tt0373074
nm1228408,tt0373074
nm0398760,tt0373074
nm0005405,tt0377818
nm0424216,tt0377818
nm0005433,tt0377818
nm1445490,tt0377818
nm0005476,tt0431308
nm0124930,tt0431308
nm0001065,tt0431308
nm0001435,tt0431308
nm0025557,tt0456149
nm1715144,tt0456149
nm1621287,tt0456149
nm1890655,tt0456149
nm0000932,tt0457433
nm0000246,tt0457433
nm0000610,tt0457433
nm0692466,tt0457433
nm5223745,tt0462482
nm1222265,tt0462482
nm0447087,tt0462482
nm0804055,tt0462482
nm0836343,tt0478087
nm0098378,tt0478087
nm0000228,tt0478087
nm1683094,tt0478087
nm0000552,tt0780567
nm0002006,tt0780567
nm2780578,tt0780567
nm0001074,tt0780567
nm0000821,tt0811066
nm0004569,tt0811066
nm0792911,tt0811066
nm0451170,tt0811066
nm0059941,tt0893507
nm1031569,tt0893507
nm2443020,tt0893507
nm0702676,tt0893507
nm10284779,tt0914376
nm1573698,tt0914376
nm8615362,tt0914376
nm9609032,tt0914376
nm5035040,tt0914376
nm8637604,tt0914376
nm8931297,tt0914376
nm7429539,tt0914376
nm2727714,tt10303430
nm6663708,tt10303430
nm4337039,tt10303430
nm0455058,tt10303430
nm0315041,tt1058017
nm0004950,tt1058017
nm1706767,tt1058017
nm0127373,tt1058017
nm10939418,tt10627720
nm10939413,tt10627720
nm10939414,tt10627720
nm10939415,tt10627720
nm10939416,tt10627720
nm10939417,tt10627720
nm4369817,tt10627720
nm0836343,tt1219342
nm0915989,tt1219342
nm0920992,tt1219342
nm1120593,tt1219342
nm3821986,tt12411074
nm3943919,tt12411074
nm1753818,tt12411074
nm4572440,tt12411074
nm9562738,tt12411074
nm1717255,tt12411074
nm11735898,tt12411074
nm8325099,tt12411074
nm11616837,tt12411074
nm0000147,tt1315981
nm0000194,tt1315981
nm0328828,tt1315981
nm0396558,tt1315981
nm2834250,tt13318052
nm0930570,tt13318052
nm10975905,tt13318052
nm4953889,tt13318052
nm0094782,tt14252964
nm2028613,tt14252964
nm0245164,tt14252964
nm0332267,tt14252964
nm4469165,tt14252964
nm3023008,tt14252964
nm1319365,tt14252964
nm0171499,tt14252964
nm0000147,tt1504320
nm0001691,tt1504320
nm0000307,tt1504320
nm0001394,tt1504320
nm1435774,tt1528406
nm0473873,tt1528406
nm1920556,tt1528406
nm3631965,tt1528406
nm2132616,tt1528406
nm1513684,tt1528406
nm3811125,tt1528406
nm1931870,tt1528406
nm1085134,tt1552211
nm1183149,tt1552211
nm0135610,tt1552211
nm0635713,tt1552211
nm1914298,tt1613750
nm0471601,tt1613750
nm0803890,tt1613750
nm2322351,tt1613750
nm0700856,tt1648186
nm9012223,tt1648186
nm0371342,tt1648186
nm0824353,tt1648186
nm0754906,tt1826603
nm0444324,tt1826603
nm3192881,tt1826603
nm13434452,tt1826603
nm2794962,tt1878870
nm4726634,tt1878870
nm4296357,tt1878870
nm0001718,tt1878870
nm0847594,tt1999167
nm1468944,tt1999167
nm0468711,tt1999167
nm0409287,tt1999167
nm1227814,tt2101441
nm1411125,tt2101441
nm1667364,tt2101441
nm2540339,tt2101441
nm0000668,tt2140373
nm0000158,tt2140373
nm4003520,tt2140373
nm0268199,tt2140373
nm0000194,tt2172584
nm1985859,tt2172584
nm1500155,tt2172584
nm0000131,tt2172584
nm1577858,tt2186933
nm4806622,tt2186933
nm0619405,tt2186933
nm0788903,tt2186933
nm0000115,tt2467046
nm0000670,tt2467046
nm2216125,tt2467046
nm0614877,tt2467046
nm1569276,tt2473602
nm1734700,tt2473602
nm0000101,tt2473602
nm0205626,tt2473602
nm2915105,tt2720826
nm0944464,tt2720826
nm1264535,tt2720826
nm5576925,tt2720826
nm1783075,tt3114390
nm1840556,tt3114390
nm5408751,tt3114390
nm0782841,tt3114390
nm0586528,tt3114390
nm2233310,tt3114390
nm5213224,tt3114390
nm4582985,tt3114390
nm1720779,tt3114390
nm0951216,tt3114390
nm0869088,tt3169770
nm0349522,tt3169770
nm0617799,tt3169770
nm0147308,tt3169770
nm1486317,tt3352390
nm0608440,tt3352390
nm1269733,tt3352390
nm2694584,tt3352390
nm2088158,tt3398976
nm0784614,tt3398976
nm4986657,tt3398976
nm0757327,tt3398976
nm5408751,tt3398976
nm2760504,tt3398976
nm1360441,tt3398976
nm4785118,tt3398976
nm0655585,tt3532628
nm0010075,tt3532628
nm0172557,tt3532628
nm0791968,tt3532628
nm3918035,tt3544734
nm4306222,tt3544734
nm3418619,tt3544734
nm2264289,tt3544734
nm2387217,tt3565486
nm1778096,tt3565486
nm1735048,tt3565486
nm7819421,tt3565486
nm2203186,tt3565486
nm7754254,tt3565486
nm5835173,tt3565486
nm7973284,tt3565486
nm5678651,tt3565486
nm0133448,tt3565486
nm0001602,tt3824412
nm1130627,tt3824412
nm0180984,tt3824412
nm0000610,tt3824412
nm0474774,tt3848888
nm3629863,tt3848888
nm0451600,tt3848888
nm3973347,tt3848888
nm0808022,tt4030600
nm1620741,tt4030600
nm6463103,tt4030600
nm0873998,tt4030600
nm0654110,tt4210080
nm0004742,tt4210080
nm5897057,tt4210080
nm0864997,tt4210080
nm1735235,tt4273292
nm7321254,tt4273292
nm2373989,tt4273292
nm4256281,tt4273292
nm3999574,tt4419364
nm6277120,tt4419364
nm0676648,tt4419364
nm5932092,tt4419364
nm0635330,tt4631532
nm1043338,tt4631532
nm0555093,tt4631532
nm2319146,tt4631532
nm0654648,tt4779326
nm6403233,tt4779326
nm6807858,tt4779326
nm0206257,tt4779326
nm0001427,tt4919484
nm0000383,tt4919484
nm1257208,tt4919484
nm6928549,tt4919484
nm0000199,tt5126922
nm0000429,tt5126922
nm1404239,tt5126922
nm3464684,tt5126922
nm1131557,tt5189894
nm1715118,tt5189894
nm2647981,tt5189894
nm2611074,tt5189894
nm0886045,tt5197860
nm0046424,tt5197860
nm0887640,tt5197860
nm2334765,tt5197860
nm0078517,tt5197860
nm0111600,tt5197860
nm8284881,tt5197860
nm3166737,tt5197860
nm0887511,tt5197860
nm0799777,tt5253282
nm5946818,tt5253282
nm3843467,tt5253282
nm0242656,tt5253282
nm0644897,tt5294198
nm0000162,tt5294198
nm0000224,tt5294198
nm0384032,tt5294198
nm5052065,tt5639446
nm4025229,tt5639446
nm0165101,tt5639446
nm0093589,tt5639446
nm1017633,tt5946128
nm0451321,tt5946128
nm1577858,tt5946128
nm8629326,tt5946128
nm0005048,tt6214928
nm0662504,tt6214928
nm4415201,tt6214928
nm5305557,tt6214928
nm0558182,tt6259380
nm2064412,tt6259380
nm2818965,tt6259380
nm0063143,tt6259380
nm3973870,tt6402468
nm10820204,tt6402468
nm0770449,tt6402468
nm2003218,tt6402468
nm1121870,tt6522546
nm5114849,tt6522546
nm0754184,tt6522546
nm13551350,tt6522546
nm0411167,tt6595896
nm0559551,tt6595896
nm2516299,tt6595896
nm0370677,tt6595896
nm3588254,tt6892462
nm0000254,tt6892462
nm0001993,tt6892462
nm4205963,tt6892462
nm1593460,tt6927152
nm2634830,tt6927152
nm6757627,tt6927152
nm1981533,tt6927152
nm0001804,tt7315484
nm2215143,tt7315484
nm0001584,tt7315484
nm0873693,tt7315484
nm0943104,tt7605074
nm9524976,tt7605074
nm2974534,tt7605074
nm0628806,tt7605074
nm0000474,tt8009744
nm0752407,tt8009744
nm0001804,tt8009744
nm0004883,tt8009744
nm2933542,tt8110640
nm1671147,tt8110640
nm0940158,tt8110640
nm0355910,tt8110640
nm1684612,tt8688814
nm4037810,tt8688814
nm1123750,tt8688814
nm5407452,tt8688814
nm1154301,tt8688814
nm4532146,tt8688814
nm3738790,tt8688814
nm0217529,tt8688814
nm5046656,tt8741648
nm9369780,tt8741648
nm3966885,tt8741648
nm6248154,tt8741648
nm8329684,tt8741648
nm2176983,tt8741648
nm10354428,tt8741648
nm8127149,tt8741648
nm4714014,tt8741648
nm0005516,tt8771910
nm0818055,tt8771910
nm1840504,tt8771910
nm0252238,tt8771910
nm0140887,tt8771910
nm1584009,tt8771910
nm5554915,tt8771910
nm0322181,tt8771910
nm5756178,tt8771910
nm0606541,tt8771910
nm3561350,tt9109976
nm2390814,tt9109976
nm3383930,tt9109976
nm3591496,tt9109976
nm9622074,tt9251798
nm8184025,tt9251798
nm6338716,tt9251798
nm4794692,tt9251798
nm8514857,tt9251798
nm4033934,tt9251798
nm0824852,tt9251798
nm1355643,tt9251798
nm2961382,tt9310336
nm3762213,tt9310336
nm0016141,tt9310336
nm1082823,tt9310336
nm0089707,tt9310336
nm0089707,tt9310336
nm0455058,tt9310336
nm8427541,tt9310336
nm4715046,tt9310336
nm1647539,tt9310336
nm4081467,tt9760504
nm10247516,tt9760504
nm2616557,tt9760504
nm1601080,tt9760504
nm0265492,tt9820352
nm1697006,tt9820352
nm9287628,tt9820352
nm0597853,tt9820352
nm0358669,tt0072562
nm0860380,tt0072562
nm1024878,tt0072562
nm0035488,tt0072562
nm0571952,tt0072562
nm0446986,tt0082782
nm0356590,tt0082782
nm0012682,tt0082782
nm0460974,tt0082782
nm0000655,tt0094006
nm0000524,tt0094006
nm0000670,tt0094006
nm0001729,tt0094006
nm0930707,tt0096542
nm0001327,tt0096542
nm0000097,tt0096542
nm0000109,tt0096542
nm0413656,tt0096542
nm0628203,tt0096542
nm0278452,tt0096542
nm0296583,tt0098936
nm0001492,tt0098936
nm0648920,tt0098936
nm0000749,tt0098936
nm0000796,tt0098936
nm0000937,tt0098936
nm0001223,tt0098936
nm0000145,tt0098936
nm0002006,tt0098948
nm0004857,tt0098948
nm0001836,tt0098948
nm0004751,tt0098948
nm0775116,tt0098948
nm0776042,tt0098948
nm0001724,tt0098948
nm0500359,tt0103491
nm0000181,tt0103491
nm0795576,tt0103491
nm0005489,tt0103491
nm0129248,tt0103491
nm0084327,tt0103491
nm0767443,tt0103491
nm0005424,tt0103491
nm0905935,tt0103491
nm0410464,tt0108872
nm0000787,tt0108872
nm0190497,tt0108872
nm0000132,tt0108872
nm0347957,tt0108872
nm0486277,tt0108872
nm0001467,tt0108872
nm0644043,tt0108872
nm0928991,tt0108872
nm0000216,tt0110216
nm0000362,tt0110216
nm0000668,tt0110216
nm0001449,tt0110216
nm0000199,tt0119008
nm0000136,tt0119008
nm0000514,tt0119008
nm0456124,tt0119008
nm0260008,tt0126158
nm0649178,tt0126158
nm0308881,tt0126158
nm0770617,tt0126158
nm0485333,tt0126158
nm2071331,tt0126158
nm0225191,tt0126158
nm0005403,tt0128445
nm0000195,tt0128445
nm0931404,tt0128445
nm0001025,tt0128445
nm0001497,tt0145487
nm0000379,tt0145487
nm0000353,tt0145487
nm0290556,tt0145487
nm0811027,tt0286486
nm0004821,tt0286486
nm0413052,tt0286486
nm0439813,tt0286486
nm0001634,tt0286486
nm0324658,tt0286486
nm0553468,tt0286486
nm0219748,tt0286486
nm1108664,tt0286486
nm0526019,tt0338096
nm0304801,tt0338096
nm0000688,tt0338096
nm0805476,tt0338096
nm0000209,tt0345061
nm0608090,tt0345061
nm0700875,tt0345061
nm0407033,tt0345061
nm0940504,tt0368530
nm0614877,tt0368530
nm0480798,tt0368530
nm1122026,tt0368530
nm0502342,tt0368530
nm0124208,tt0368530
nm0635851,tt0368530
nm0424035,tt0368530
nm0849612,tt0368530
nm0701457,tt0410975
nm0000159,tt0410975
nm0005031,tt0410975
nm0189220,tt0410975
nm0519456,tt0410975
nm0154632,tt0410975
nm0834947,tt0410975
nm0219835,tt0410975
nm0767443,tt0410975
nm0566332,tt0435961
nm0861558,tt0435961
nm0485670,tt0435961
nm0089707,tt0435961
nm0741398,tt0435961
nm0082507,tt0435961
nm0292823,tt0435961
nm0031407,tt0435961
nm0422849,tt0435961
nm0006970,tt0460627
nm0221043,tt0460627
nm0004770,tt0460627
nm0174819,tt0460627
nm0862328,tt0460627
nm0853231,tt0460627
nm0197855,tt0460627
nm1090644,tt0460627
nm1668372,tt0460627
nm0000230,tt0462499
nm0004748,tt0462499
nm0550452,tt0462499
nm0574615,tt0462499
nm0319308,tt0490668
nm0419403,tt0490668
nm0571741,tt0490668
nm0141446,tt0490668
nm0213897,tt0758745
nm0151419,tt0758745
nm0110168,tt0758745
nm1472917,tt0758745
nm1631435,tt0758745
nm0500894,tt0758745
nm2018237,tt0758745
nm0687146,tt0758745
nm2208749,tt0758745
nm1365137,tt0791205
nm1289399,tt0791205
nm0944985,tt0791205
nm1240448,tt0791205
nm1454681,tt0791205
nm2226321,tt0791205
nm0391125,tt0791205
nm0043552,tt0791205
nm1058720,tt0791205
nm0523180,tt0791205
nm0000158,tt0808151
nm0000191,tt0808151
nm0957909,tt0808151
nm0001745,tt0808151
nm0000553,tt0974613
nm0000104,tt0974613
nm0001473,tt0974613
nm0304801,tt0974613
nm0302466,tt11794642
nm0935395,tt11794642
nm3954896,tt11794642
nm0679410,tt11794642
nm1310016,tt11794642
nm2837093,tt11794642
nm5740850,tt11794642
nm1272540,tt11794642
nm0002253,tt11794642
nm0659363,tt1213012
nm0000207,tt1213012
nm0519043,tt1213012
nm0000454,tt1213012
nm8610597,tt12306692
nm2811823,tt12306692
nm1336920,tt12306692
nm0242257,tt12306692
nm7942783,tt12306692
nm12645792,tt12306692
nm9155774,tt12306692
nm0478378,tt12306692
nm0000702,tt1341188
nm0748620,tt1341188
nm0005562,tt1341188
nm0000197,tt1341188
nm0003928,tt1441109
nm0001073,tt1441109
nm0588096,tt1441109
nm0005311,tt1441109
nm0126004,tt1441109
nm0005020,tt1441109
nm0327020,tt1441109
nm0887144,tt1441109
nm3239803,tt1489887
nm2788156,tt1489887
nm1790970,tt1489887
nm0837177,tt1489887
nm3206915,tt1552112
nm1432956,tt1552112
nm0760989,tt1552112
nm0326988,tt1552112
nm0908436,tt1552112
nm0403335,tt1552112
nm2722682,tt1552112
nm3566298,tt1552112
nm4097744,tt1552112
nm2464261,tt1575539
nm0227867,tt1575539
nm0917314,tt1575539
nm0365293,tt1575539
nm0229943,tt1582457
nm0000460,tt1582457
nm2957696,tt1582457
nm0334441,tt1582457
nm0838287,tt1582457
nm0365317,tt1582457
nm0000695,tt1582457
nm2551311,tt1582457
nm0272173,tt1582457
nm0425005,tt1583421
nm1475594,tt1583421
nm1597316,tt1583421
nm0496932,tt1583421
nm0000659,tt1694020
nm0736622,tt1694020
nm0719444,tt1694020
nm1478285,tt1694020
nm0311563,tt1772379
nm3299423,tt1772379
nm0255124,tt1772379
nm2257207,tt1772379
nm0207691,tt1772379
nm2348343,tt1772379
nm0364890,tt1772379
nm0750718,tt1772379
nm1754059,tt1772379
nm3785503,tt1778304
nm1053580,tt1778304
nm2166469,tt1778304
nm1584283,tt1778304
nm0995452,tt1785123
nm0001183,tt1821681
nm0000662,tt1821681
nm3458761,tt1821681
nm1813221,tt1821681
nm0001305,tt1821681
nm3061574,tt1821681
nm0254862,tt1821681
nm0846548,tt1821681
nm0004742,tt1821681
nm1801800,tt1853739
nm1846132,tt1853739
nm1410105,tt1853739
nm2431167,tt1853739
nm0877203,tt1865718
nm0728762,tt1865718
nm3229215,tt1865718
nm1102891,tt1865718
nm0004802,tt1865718
nm0724656,tt1865718
nm1480095,tt1865718
nm1312566,tt1865718
nm0224007,tt1865718
nm1584992,tt1865718
nm0848801,tt1910272
nm1465001,tt1910272
nm1411540,tt1910272
nm2573928,tt1910272
nm3950075,tt1910272
nm2057312,tt1910272
nm2986974,tt1910272
nm0782840,tt1910272
nm4535080,tt1910272
nm0473873,tt1910272
nm2225369,tt1951264
nm1242688,tt1951264
nm2955013,tt1951264
nm0000450,tt1951264
nm0219206,tt2094064
nm0009918,tt2094064
nm0469823,tt2094064
nm4711616,tt2094064
nm0005380,tt2100546
nm0000491,tt2100546
nm0001459,tt2100546
nm0001451,tt2100546
nm3920288,tt2118624
nm0015196,tt2118624
nm2796745,tt2118624
nm3042755,tt2118624
nm0226813,tt2211129
nm1411676,tt2211129
nm0054697,tt2211129
nm2819460,tt2211129
nm0582149,tt2211129
nm2837872,tt2211129
nm0335275,tt2211129
nm1269723,tt2211129
nm2419994,tt2211129
nm3833084,tt2211129
nm2963874,tt2226342
nm0651067,tt2226342
nm1268158,tt2226342
nm0761052,tt2226342
nm0721332,tt2226342
nm0936607,tt2226342
nm0410464,tt2226342
nm0005424,tt2226342
nm0005166,tt2226342
nm4802683,tt2235759
nm1102577,tt2235759
nm0396558,tt2235759
nm4555381,tt2235759
nm0223527,tt2235759
nm3152605,tt2235759
nm0324134,tt2235759
nm0388061,tt2235759
nm1154776,tt2235759
nm0774386,tt2586120
nm2650819,tt2586120
nm0211841,tt2586120
nm1417249,tt2586120
nm0535019,tt2654620
nm1015684,tt2654620
nm0103195,tt2654620
nm0243806,tt2654620
nm0404993,tt2654620
nm0759898,tt2654620
nm4205710,tt2654620
nm2055792,tt2654620
nm0005060,tt2660806
nm0005049,tt2660806
nm0267506,tt2660806
nm0448252,tt2660806
nm1305105,tt2660806
nm0005326,tt2660806
nm0001209,tt2660806
nm0828980,tt2705602
nm0004692,tt2705602
nm3214649,tt2705602
nm3016166,tt2705602
nm4408716,tt2705602
nm0661703,tt2705602
nm0740383,tt2705602
nm0000191,tt2802850
nm0000671,tt2802850
nm0293509,tt2802850
nm2798112,tt2802850
nm0004988,tt2802850
nm2341751,tt2802850
nm0940158,tt2802850
nm0542668,tt2802850
nm0000379,tt2802850
nm2466457,tt2861424
nm1551598,tt2861424
nm0663177,tt2861424
nm0334561,tt2861424
nm0149950,tt2861424
nm1312566,tt2861424
nm0005606,tt2861424
nm0444786,tt2861424
nm1807425,tt2861424
nm1119340,tt3200980
nm6081713,tt3200980
nm3591790,tt3200980
nm4031759,tt3200980
nm0511088,tt3316796
nm0005342,tt3316796
nm3081796,tt3316796
nm1659348,tt3316796
nm0722676,tt3741634
nm5137121,tt3741634
nm4045170,tt3741634
nm1754270,tt3741634
nm6233871,tt3741634
nm5157463,tt3741634
nm0377365,tt3741634
nm0568772,tt3741634
nm4494459,tt3741634
nm0754526,tt3741634
nm6552202,tt3859272
nm3381295,tt3859272
nm4425051,tt3859272
nm0243806,tt3859272
nm1002664,tt4047038
nm1154650,tt4047038
nm0000704,tt4047038
nm2000954,tt4047038
nm7100118,tt4047038
nm0461945,tt4047038
nm1682420,tt4047038
nm1875040,tt4047038
nm1859543,tt4047038
nm4023073,tt4189492
nm0059431,tt4189492
nm2765191,tt4189492
nm3138882,tt4189492
nm0241208,tt4189492
nm0571897,tt4189492
nm4224109,tt4189492
nm3818748,tt4189492
nm1638236,tt4189492
nm0004958,tt4307902
nm4273797,tt4307902
nm0828226,tt4307902
nm2577076,tt4307902
nm1840504,tt4307902
nm0222643,tt4307902
nm0004979,tt4307902
nm0761572,tt4419214
nm2179180,tt4419214
nm0306888,tt4419214
nm2492243,tt4419214
nm0234174,tt4419214
nm5808666,tt4419214
nm0509824,tt4419214
nm0493161,tt4419214
nm7698748,tt4419214
nm1553725,tt4536768
nm0534205,tt4536768
nm1456970,tt4536768
nm1047329,tt4536768
nm2335252,tt4574736
nm2146022,tt4574736
nm4785118,tt4574736
nm7139974,tt4574736
nm1738264,tt4574736
nm4987686,tt4574736
nm2616557,tt4574736
nm2299231,tt4574736
nm2876104,tt4574736
nm8427541,tt4574736
nm4464409,tt4903242
nm0428319,tt4903242
nm0954036,tt4903242
nm3406379,tt4903242
nm6312346,tt4903242
nm4427331,tt4903242
nm1128574,tt4903242
nm0143295,tt4903242
nm0716277,tt4903242
nm4339544,tt5056196
nm3571592,tt5056196
nm0151419,tt5056196
nm4415491,tt5056196
nm1969169,tt5056196
nm2269032,tt5056196
nm0640413,tt5056196
nm3271473,tt5056196
nm0402271,tt5093026
nm4986118,tt5093026
nm0265457,tt5093026
nm4412040,tt5093026
nm0000115,tt5462326
nm0004757,tt5462326
nm3453476,tt5462326
nm6236879,tt5462326
nm1630917,tt5583512
nm0001004,tt5583512
nm0888468,tt5583512
nm0861038,tt5583512
nm1047913,tt5583512
nm0236105,tt5583512
nm2301677,tt5583512
nm3664362,tt5583512
nm5628646,tt5583512
nm2082530,tt5583512
nm2057859,tt5918982
nm3571592,tt5918982
nm0000492,tt5918982
nm1160472,tt5918982
nm0055499,tt6128254
nm0751518,tt6128254
nm0421116,tt6128254
nm3250161,tt6128254
nm0256599,tt6128254
nm0664727,tt6128254
nm0469503,tt6128254
nm1157209,tt6128254
nm1281943,tt6128254
nm3747611,tt6205872
nm8821143,tt6205872
nm4025229,tt6205872
nm6341515,tt6205872
nm4908979,tt6220752
nm1850901,tt6220752
nm5345928,tt6220752
nm3434373,tt6220752
nm5331606,tt6301452
nm8016187,tt6301452
nm3159714,tt6301452
nm5559116,tt6301452
nm4888033,tt6304046
nm8311678,tt6304046
nm0706152,tt6304046
nm2717241,tt6304046
nm0000157,tt6450804
nm0000216,tt6450804
nm4496875,tt6450804
nm0721376,tt6450804
nm0327764,tt6470478
nm0383603,tt6470478
nm0004991,tt6470478
nm0771493,tt6470478
nm0151668,tt6470478
nm4497454,tt6470478
nm1463709,tt6470478
nm0498449,tt6470478
nm3687902,tt6470478
nm4535916,tt6548228
nm0803889,tt6548228
nm2428245,tt6548228
nm0135221,tt6548228
nm0001491,tt6548228
nm0817027,tt6548228
nm5831542,tt6548228
nm3994408,tt6548228
nm7535164,tt6768578
nm3034455,tt6768578
nm1288493,tt6768578
nm2995860,tt6768578
nm2633535,tt6769280
nm3849842,tt6769280
nm1711114,tt6769280
nm3816797,tt6769280
nm1289434,tt6842770
nm1946193,tt6842770
nm0358316,tt6842770
nm0000686,tt6842770
nm1782991,tt7018644
nm2780578,tt7018644
nm3630119,tt7018644
nm2116006,tt7018644
nm1354288,tt7018644
nm9235516,tt7018644
nm1352900,tt7018644
nm9259095,tt7018644
nm7708062,tt7078658
nm0730428,tt7078658
nm8463983,tt7078658
nm0447695,tt7078658
nm0539137,tt7242816
nm0344435,tt7242816
nm0319696,tt7242816
nm0960946,tt7242816
nm8773157,tt7242816
nm1090865,tt7242816
nm2279579,tt7242816
nm0680210,tt7242816
nm0000210,tt7545524
nm2348627,tt7545524
nm0005524,tt7545524
nm1105980,tt7545524
nm6077056,tt7557108
nm3556036,tt7557108
nm0000383,tt7557108
nm0404648,tt7557108
nm3130490,tt7589524
nm5670271,tt7589524
nm4523758,tt7589524
nm0553785,tt7589524
nm0915208,tt7616148
nm0818055,tt7616148
nm5123156,tt7616148
nm0000619,tt7616148
nm2254074,tt7703924
nm4889489,tt7703924
nm3232025,tt7703924
nm2104119,tt7703924
nm1676221,tt8089526
nm3715867,tt8089526
nm0187719,tt8089526
nm0303073,tt8089526
nm0001513,tt8663516
nm9354402,tt8663516
nm4530746,tt8663516
nm2114724,tt8663516
nm3562832,tt9223870
nm2031358,tt9223870
nm2981935,tt9223870
nm5968385,tt9223870
nm1356578,tt9223870
nm3550886,tt9223870
nm0570860,tt9223870
nm0305083,tt9223870
nm5526876,tt9418572
nm1009277,tt9418572
nm1128572,tt9418572
nm0462712,tt9418572
nm6095011,tt9418572
nm1004811,tt9418572
nm0000427,tt9418572
nm0000893,tt9418572
nm5316223,tt9418572
